Block Number,Transaction Hash,From,To,Value (ETH),Timestamp
17140930,0xa7af6f90a8cd6a7d5279a050af0f43061194632d902189b46f1269c6c3c5e608,0x5Ca887615098c6B7409F18502F57538205c768D9,0x7a250d5630B4cF539739dF2C5dAcb4c659F2488D,150000000000000000,1682640023
17140930,0xcc784b110da9733eff91a98317c69120a90895ee8f5ecf2ec015c447a13ec45c,0xD5aA03d8E1C0D9bf1C92044294673F7BcA6E541b,0x83eF3D446Bd1220C8261251f83AC5cc51311d600,250000000000000000,1682640023
17140930,0xdeca1a9a4b3d9b455fa8fc8b1983ba35cb49cdb4d4fd57ae8b415715b8909091,0xc5DF896EB77f4C74cbeAF2482640f55DD5302d64,0xEf21b47bC976070140b079684895c52239845E0C,1492440873738617399,1682640023
17140930,0x3d5753ff616de541fd04be5b9d1394cae7f498b20ee649e9d568742c1ca2c253,0x64028ffcd63E68B00ec0bE41D9E9aEcf04Fdf81e,0x53EE59158a6B69b56beB7D4a96b59ab9BDB5d235,42119310032858000,1682640023
17140930,0x2bcbbdecb2a8728a840cbe30d11373cc816dc9e7030c1f2a3e076e28b26f68e4,0x74EB573d3019489BB2Ded6e68f261F59C0B7A82E,0x11a2e73BADA26f184e3d508186085C72217Dc014,1359238110407266477,1682640023
17140930,0xcd78b438fc8db5195ac8a93edb50ecf74a4ded289cc3a94a6899675c91136c6d,0x069e85D4F1010DD961897dC8C095FBB5FF297434,0x9D90669665607F08005CAe4A7098143f554c59EF,777000000000000,1682640023
17140930,0xc5e7245ffb24f295637e6a6f1830f80a89cc34f57a3e8ea8af588b3f18c5c0b1,0x15F8733104b67F17158c417d32172Eea56C3b61D,0x0376De0C2c8A2c8916Dab716d47D9652087C2918,349777600000000000,1682640023
17140930,0xac7152ca9fcb48188f86f08a8a302eab8346365d0ae0995609ec2ef86ab45c0e,0x75e89d5979E4f6Fba9F97c104c2F0AFB3F1dcB88,0x684D92909C52Ac8FC60b008239ECb0D36DD873e6,116860000000000000,1682640023
17140930,0x0f8ff0267c5029326bd47657cbcc0e8d02cb7508ea5a308b7821c121826d423e,0xC3f35575DC9BF69f1a402C0d26a7775eAf3162F5,0x841A63D6B17927de583404BcDC5281B99A0b801D,326688002000000000,1682640023
17140930,0xead92a5816619a7e7fd4c1d1ff594665e45616c1ddd71b3b282529829ed74ef5,0x24dF94d55035ACA1a95363063b485AdC8AbEde93,0x19D7CbC81eB8A550747Be603CAA0b16b728FAa00,69300469510680936,1682640023
17140930,0xec5e4ff6dd29e95dfb4db3105295a071861d2b0abe1d2a9559da4c2d3ec2d771,0x974CaA59e49682CdA0AD2bbe82983419A2ECC400,0xC8998A3e7D09d0F799A5C3FA43C004C1072e829B,1309999960000000000,1682640023
17140930,0x31802733164cac740ba9ad115d836db1d0a0ae4dcda98a1d39ad0c215a766c3f,0xaE87dA7AA001e2C9eCF6ff5845977732c650f957,0x7a250d5630B4cF539739dF2C5dAcb4c659F2488D,100000000000000000,1682640023
17140930,0x0ef32d159360957a257624a8c9654c4a5ff2972377e9d32028749fa894f18ae8,0x4103c267Fba03A1Df4fe84Bc28092d629Fa3f422,0xc6efc7A6Db684283b5291C5581b2E93393C2F3F0,38280557387782800,1682640023
17140930,0xa8e815082279e310e03ee52c553c972dcf76b37d6ba7b57395c4a43d42d77876,0xDEc815281519F6cB080090317E0BA3E446Fafe43,0xE4dFda56269Bc26538638E9B7D5E9903ECE56115,7200000000000000,1682640023
17140930,0x937683d853a0c3d2071a33b2294892d0fb178602a80c23efedd67280a466e678,0x8876C6026f50046531d5213f38fe83517C182A2b,0x974CaA59e49682CdA0AD2bbe82983419A2ECC400,1659160168367395000,1682640023
17140930,0x6d9065947214cfa326de8259520b3df1d8c55a363ff0550ad64bbb291fee33fe,0x236A507cfD9DaeAe05277990f19a1A77C6792e28,0x974CaA59e49682CdA0AD2bbe82983419A2ECC400,954420168367395000,1682640023
17140930,0xdceee6db33d7d351f06b15bb8a8e848693634706553f392c8752ae5c1d1663a3,0x0685c180442A6A8514b7588Ef9Ff7b08eDa42f0B,0x974CaA59e49682CdA0AD2bbe82983419A2ECC400,765068418367395000,1682640023
17140930,0x53e312d901ad9a910fe8bf0f060565b3f5934ae6c19a386340926eff3914d960,0x8d2Fa48A0AcD115ed4a67405a0c78bAbF2c887B6,0x974CaA59e49682CdA0AD2bbe82983419A2ECC400,692259108367395000,1682640023
17140930,0xf3854cce81b1f37e912209b5b03ae39997c9d79b5495314c15799ecafe2d4afc,0xe478b7f86104A77C729eD059199375C1f73765f6,0x974CaA59e49682CdA0AD2bbe82983419A2ECC400,465607724395363438,1682640023
17140930,0x94573de2a5f5780ceb02bfdc5c017c0e5d7e2e66c39965aab4e6cdcc183ac9cb,0x3B52EF9A186a434A674fC2c636Ed8fa756dC8a1F,0x974CaA59e49682CdA0AD2bbe82983419A2ECC400,628110768367395000,1682640023
17140930,0x14427843c35028ae911e913e7b167e477141c52e783e9205a2708ec4bab78bde,0x1Ed68be52A35aac53F933923bBA9fE9F76DE9027,0x974CaA59e49682CdA0AD2bbe82983419A2ECC400,654994738367395000,1682640023
17140930,0xaa322ef82682d52cf36c0d3da562cef6e38497390e876827b1f6ede450b2fa5c,0x6F37d77de97030741E7A02fe528059872c88E257,0x974CaA59e49682CdA0AD2bbe82983419A2ECC400,769227069526045346,1682640023
17140930,0x0640ffa7028d53d5f068c29cab29717f0a042f8dfa9cf21e802d009fec6977d4,0x7BbAec4CB98bFDFb0A24E18657fBd5bA1F2da242,0x974CaA59e49682CdA0AD2bbe82983419A2ECC400,621817648367395000,1682640023
17140930,0x08aa2a9a4de941c3e0e8258ee91fc0c26867ee4c4c0f9254da35d9a0bc526a34,0x759376d9D503c8Ea108362b25763e04C6502b75f,0x974CaA59e49682CdA0AD2bbe82983419A2ECC400,1438030168367395000,1682640023
17140930,0x5273c7bf3ddecc60c69d7b181359330c2ce711574fee6ed17010415a83704b6e,0x22015C6626D570182bBbED5041Ef4AcbfEADB0f2,0xEf1c6E67703c7BD7107eed8303Fbe6EC2554BF6B,110000000000000000,1682640023
17140930,0x905a2bd252a032ad146b383f6ca6b682cb272b64361be3b910f4697eb5278137,0xa252AFD2D564b89363c5990a73C6584853efc777,0xEf1c6E67703c7BD7107eed8303Fbe6EC2554BF6B,150000000000000000,1682640023
17140930,0x9d36d35b2bee704797c56809a3125eff0ab16a88557a76ef5b7746887ac94284,0xB53743faF47DdeB21747fBe9Bc3632Fc2cD960EC,0x7a250d5630B4cF539739dF2C5dAcb4c659F2488D,300000000000000000,1682640023
17140930,0xb44280c92c0df5730ef572ddf89c38010e20dd6064958c95e95fa5126389a166,0x077D360f11D220E4d5D831430c81C26c9be7C4A4,0x938557694499B871c06Cb7CA9247077098f68Daf,170385810000000000,1682640023
17140930,0xd7605f8f7731eaa6481182d620bb02fe541b1c9b2a16531e8b378c9e9ebe076b,0x077D360f11D220E4d5D831430c81C26c9be7C4A4,0x47aD873868FD5e0fd548C08E0Ae1eE43f4A1902A,33448270000000000,1682640023
17140930,0x911f3a8be9c571c6bf1c3090f32f5ddf9f9d7fa0e30c2fa5895f1d457dcdcee1,0x8526E4F21d060Ef0EF2e69D2a00392e82eeFa63D,0x00000000000001ad428e4906aE43D8F9852d0dD6,400000000000000000,1682640023
17140930,0x9353f840cfcd91cd84dea4355d8c63b47545fa95f09490bdcd78163a7025f768,0x5c38C59cF6503fE11206041d219FD99b22B053ba,0x0B0EE8e6570C47dEBe98710c60A265bF3DB7fb89,96726912932961274,1682640023
17140930,0x5a7fcab9a55730c12ca9de9919996478eaef6143de1847837493f4a45b80f5f7,0xF9026bcEA4bC00F882Af95F70702434CaB1B70bF,0x51d9E4137b08A0c740E3c5F1ef87dfE0FDe546ba,169042400000000000,1682640023
17140930,0x39be83bdc0fdd5b179d96ca2a6c7f6dd016d28b2f88d882475ae7a1dd6e7921a,0x145A3e37c634685FBcc990b7338F3c616Cdd3B7E,0x3e6722f32CBE5b3C7BD3dcA7017c7FfE1b9E5A2A,366722548197820620,1682640023
17140930,0xbb39e43496cd4ae33b57dde398a3ccb7ed0ca19d648f2186313c0377048197a8,0x6Dc09569D498dB8ac3f5a107750dBBCfB54aEc67,0x00000000000001ad428e4906aE43D8F9852d0dD6,400000000000000000,1682640023
17140930,0x5ac23dd642d99091c7d248b5980af43f24cd29e7ac69446e1aa92192b1505491,0x81E24B64290A51EDc9E9bE615b3C7d97954460CF,0x03f34bE1BF910116595dB1b11E9d1B2cA5D59659,1215900000000000000,1682640023
17140930,0x596c2184c75d8b14f7fc93cc3a9025c33f3499ee083da25949e0fa7b967abba8,0xd108FD0E8c8E71552a167E7a44FF1d345D233BA6,0xeE155C9661C94E0845F7F31bA0ca6c8914Dcf86b,42500000000000000,1682640023
17140930,0xd19ff5229107019c63fc89665b8d0b7b5dbd4c1debbdad9282cdbad120ad024b,0xCac0F1A06D3f02397Cfb6D7077321d73b504916e,0x7776607E2E0bD61052e60d59F1fDd11dFbeC27e8,30976061116851520229,1682640023
17140930,0xd6474a2671e2a03df8bf89ec9550ad7fadf4318cb41feb9418cc3a0d09d5db35,0xE0be3112F71fee89cC14ef59F1F6C8840BC0b799,0x7a250d5630B4cF539739dF2C5dAcb4c659F2488D,100000000000000000,1682640023
17140930,0x96ec43e9a8d4474b61204a4056149b9f5fa3389de699f543b2b9a7b62c63e977,0x7b69782c0a2C1aCb059a77f013980719A77A3DA8,0x7a250d5630B4cF539739dF2C5dAcb4c659F2488D,200000000000000000,1682640023
17140930,0xa075b9b29de0a92de68a034138a19ddf5168a31bc940d6553d81f2e554f8b9e0,0x4512DD5ADB352d2C38f2D309B716d4265787C9B5,0xd5FBDa4C79F38920159fE5f22DF9655FDe292d47,22674772096386465,1682640023
17140930,0x468b72862e6b4293d87a95916f6c15033eb09ba296da14a6cd50612c1cfce48e,0x4b4e14a3773Ee558b6597070797fd51EB48606e5,0x1056a0Ee388c846543481A2C03F97056c74cad68,630000000000000000,1682640023
17140930,0xa03ca4d6f7e2358d37ec19192a3f46dcce45284327d087fba02dd2d31717898f,0xBF534E163ad5d9a6eb47F276767ECAc76635088d,0x00AeeEc9B69D59148A24429AE637B04809e5D08A,492797960024277547,1682640023
17140930,0xf373256eeeaba2eac8e8a396f385bbb0a7231e2b4a413e7e4c3a278ee1054fc3,0x17Ac1517c30d5Cd7f065cb28C4703431bb69D47D,0xdD2F1f227cd5B4De3329D7De0a317c12dA5e690D,4000000000000000,1682640023
17140930,0x5c040251046bfbd5c5fa5dc9420fb891b6db4e4dfbde613faf446a981413d820,0x1E8a16C32729AD173b3233B8c34F64bFA9ec31bE,0x00AeeEc9B69D59148A24429AE637B04809e5D08A,173883510000000008,1682640023
17140930,0x230f6d0b2f230298eb707d2f8b38f3b8cc1e5565f848f37048ec884a3e372d85,0xCB47e8f9e4068fA1749E5a5C2c5aB50c0FEaBa57,0xC02aaA39b223FE8D0A0e5C4F27eAD9083C756Cc2,376000000000000000,1682640023
17140930,0x5c11e22840a707f22473c5a824a409390f918b77452c5002d9acf2fae37bf778,0x38FA9ed7BCcb6A40964AA06afd060feb5991476B,0x92B40e2975dDB2Ef92a786162691A4271f521278,3000000000000000,1682640023
17140930,0x6571c4bff7765f44ec27d76d4c5b5fd12651fe38b3e5d4bb09c5c40e551fefba,0x7bf50BC3c8848c9FAa57d6aeD0122e3F147F6b5E,0x27c4a61076f6334691Dc5Ef888bD7639B87330C6,1712360620461183,1682640023
17140930,0x22462feea91e36287a40d56675e9365cd5b2ebbdc199afd72b846166d78a3364,0x5223440575bF75E588bad12224f318B1a802a69A,0x3Da6db5d8C21430D95DF6e4A6f02B848EB36733E,2375209097891000,1682640023
17140930,0xe3d72f1d4e8ad54c987e9c3907a664cd45d760e41f85d3afb9adfdf837099d65,0x661E874a335923A9A39CEf46B52827Cd66A9e999,0x9C19B0497997Fe9E75862688a295168070456951,1096316867362117000,1682640023
17140930,0x1c4f60189bb40dc4830272bab212cd453a6c64c42aa8b0f5070c041afae3da25,0x72F4e5Ffdcf3A5A910c2ea6866433c5e469D16Ca,0xd12CE6596b4460008c6cE1c1BDe593C2326e8444,777000000000000,1682640023
17140930,0x52a54c84417c5431c90c3c72b2366fa6cd474427f5f57754c37a9757ebda5f8b,0xD1fd2d73604fad4fa5Bf6752407bd85B9395baC8,0x01bEF591413b59e1bB5F8DF37B5608E408A5487F,7854669216555653,1682640023
17140930,0xc17335c921b1bf5e1bb16dabda8f5fadc0a642e83c044afccaf2bbb9240a27e5,0xF370A03635f8e3Bb9bdb70B2109967189A954E57,0xEf1c6E67703c7BD7107eed8303Fbe6EC2554BF6B,80000000000000000,1682640023
17140930,0x8b9d12fdc7fce75e1404140b4e14b187296a9da1ad5e7146e6a32d15e17522b3,0x5bFf07EEaD02569ccc14D77D869206ED07E61eaE,0x7a250d5630B4cF539739dF2C5dAcb4c659F2488D,100999826415550909,1682640023
17140930,0xd2d516a93286e6c06f24ed7e4a889cf06a4a555d54cd5b29d5b226a9bc16dd2b,0x15ecE0d7de25436bCfcF3D62A9085Ddc7838aeE9,0x31A98bd9f855AfAd0AD8f433e0710edA43eb982E,10000000000000000,1682640023
17140930,0x2cbcf375cdd5a75d322d5148c1420ed98ffdd651d204dd94e1d0f4886c1d015f,0xB900F49FB91E16D45ed6D3e0477FA1888B0eC522,0x28C6c06298d514Db089934071355E5743bf21d60,4035000000000000000,1682640023
17140930,0x42ac5a5fe1441b96a455aacd0452cacc1190a71f25e41f2b12e972abe128495d,0xe123306c4050742413E1412163CaE75b7D62dFCd,0x28C6c06298d514Db089934071355E5743bf21d60,1504721760593520000,1682640023
17140930,0xe30ea054b1bfe7efbe383ab8f081696fcc24fb6d91feb79d041640c4674ad814,0x755229B87cEc1d55c8b1Aa0c66C1be4D8136E8CF,0x28C6c06298d514Db089934071355E5743bf21d60,3112212117633138350,1682640023
17140930,0x74b3bf9e565ed25bfddbe17061f25e44274cd33cda9ecdc424039ff6acbfb90d,0x53557a9ecC08d6cFb627aaBFb09d88D5230449e3,0x28C6c06298d514Db089934071355E5743bf21d60,3980973000000000000,1682640023
17140930,0x482cd44804a6f99d13ae8d87e9bdb205dd0bdb9b3c1064f088d588b336685350,0x9D0126Bb1c96771b8A7fceB5361B29545fb65616,0x28C6c06298d514Db089934071355E5743bf21d60,399088710727204000,1682640023
17140930,0x552adf7b9c978c10094d35f0e45db193bc01f6b4928c34d6cafb1d49f0d0f61d,0x92B507ec08314dD737a51A5Ac2607E799bba8b3e,0x28C6c06298d514Db089934071355E5743bf21d60,21539871819071629856,1682640023
17140930,0x17644353eb2866ad160c0a9bbd6bc845ffce2d18dd36ccda6a5cab2c8c58b1f9,0x0477193db9BB8Cc28371500671d67E469909D368,0x28C6c06298d514Db089934071355E5743bf21d60,1439219154021150000,1682640023
17140930,0x50f79546f1bf9f491a7127ff80592471f8d7e25ea34462232b8debd929f2e98a,0xB95cEFD257fb294E6DB627D1032B06f001fF3921,0x28C6c06298d514Db089934071355E5743bf21d60,333747642851518314,1682640023
17140930,0x40a860a23bf085e7e9adcb2fc27101ed559798332472db74bcdd599543609381,0xB8F83caEBF1A6868e01f0852018E2704635A47C7,0x28C6c06298d514Db089934071355E5743bf21d60,2592328783851169000,1682640023
17140930,0x31670110028857fb0fb0e68b374708cdcfd7604b9d66cf6a9e7778a3c95d0c8a,0xF208dB29d4d1C5235B8dB3DD78511b357080CbF3,0x28C6c06298d514Db089934071355E5743bf21d60,1814395652694189000,1682640023
17140930,0x67130012bce62cf009b52c5b057ffeb3f32466628f9ed3ae33483898f170591a,0xB97fFd1cb346877482A5E6b407B2Da9614cA5383,0x28C6c06298d514Db089934071355E5743bf21d60,449033470000000000,1682640023
17140930,0x36c91a87257231f89d59887671847a654f6aeae162082ddc005aa8fe5f0249cd,0x28A495366245f13689454743D5E380f83A8fDbB0,0x28C6c06298d514Db089934071355E5743bf21d60,3348881805033726400,1682640023
17140930,0xaf1314fb51014a675edcfd98e8bf8157cc2ea6cea3d4993f54aad84ba4f48ea7,0xd7435f5521C9d7c5617ed86614e018C89a92B70d,0x28C6c06298d514Db089934071355E5743bf21d60,1309000000000000000,1682640023
17140930,0x1718213be017a554944aff6d8aefb78151ac62b23bdfafa058fb1bfda4444c90,0x3c91D2276baAa69fcdE49380c2EB4cE9135F16d2,0x28C6c06298d514Db089934071355E5743bf21d60,309522869266283000,1682640023
17140930,0xafb25dbaaa7dd56b7e75e92ea48637e4d4e801eb856223492fbed30701b9e1c2,0xB8Db2AcCf934a7ebf24781767D98f3c21da9Bc9c,0x28C6c06298d514Db089934071355E5743bf21d60,1239331361540805000,1682640023
17140930,0x91b985e43cb901d5fc3a769bb187fb1f3fbf8703b88985e73d695acc8769abfc,0xD62C74a5EC9e7f3DD5da07e0af9a9107bD935F23,0x28C6c06298d514Db089934071355E5743bf21d60,745000000000000000,1682640023
17140930,0x2f750b190cf1a9ac1997eec7bdc8aac879786083efa8f77d99679f34e10af266,0xb767e200e0b7b0E911D3242382A012E238efA709,0x28C6c06298d514Db089934071355E5743bf21d60,797706000000000000,1682640023
17140930,0x29c6b1939ea2550ef974e22133a7f771a119a0d714630115d77f31d57be71fd7,0xD10cfC185E8c7FF887b7Bc6Bb931c79B19Dbbe70,0x28C6c06298d514Db089934071355E5743bf21d60,999114157429450000,1682640023
17140930,0x3ebde5c9255a7d9b4a2bfd8cad2589e75283ef6fc1b7708451a51b40018d2fb9,0x54Aa51D2D438f90172eC0fc06AF82A901e2Cf01a,0x28C6c06298d514Db089934071355E5743bf21d60,334929000000000000,1682640023
17140930,0x55d248d3ec2fd1265b2068b26307c90e2b8304c92d67fcc5b2c0fd64f55af813,0x1C3f53fbDF6A3988AB6252F9543e57207F72CF1F,0x28C6c06298d514Db089934071355E5743bf21d60,3599155597076706000,1682640023
17140930,0xb75317e944949e0203f9fd9bcbda3d56a9326a29743f6c4590f58c006ce40c7e,0x09Ae2489c8173953b54dc71e5667C940B8459211,0x28C6c06298d514Db089934071355E5743bf21d60,2424565279700341300,1682640023
17140930,0x2d7a590a606a368f7d343985f68b8700fd59f028b29e53d0d1c57563cf08bc3f,0xF04107c3Ba6D1DFd6037BaFaD89a2886Db4810BB,0x28C6c06298d514Db089934071355E5743bf21d60,260435892955664000,1682640023
17140930,0x40d336ef427f83d15127f65bffb0a59bdb0375161c8b4f07f5cfe33bf53f20e3,0xb175Be61f5C0828fA39df311a9B1F2B92e46F625,0x28C6c06298d514Db089934071355E5743bf21d60,252402594998655104,1682640023
17140930,0xa93102c609ed19cf92c9190d3e8add439377b4c1afb12976adba0df5f4146ecb,0xb992eaB1FC0c0F15cAfB1962C2Dd6e540E09d4A4,0x28C6c06298d514Db089934071355E5743bf21d60,485000000000000000,1682640023
17140930,0x7da520558a7c699dca64730786966d21f9b0a56cf13efc86e9cb26e8d64b5ad7,0x8BbB98bcBCd6d9e3a0C1E9201Db918E4c4804899,0x28C6c06298d514Db089934071355E5743bf21d60,499263531289190000,1682640023
17140930,0xeb8b256b4b017e35b51dfc3c01bfcbaa9e706aa1ed9aa585582497d765ceebdb,0x33eD0615463b781b92E50713daadB5089dF453BF,0x28C6c06298d514Db089934071355E5743bf21d60,626695581440914000,1682640023
17140930,0xb1782e2cab036f4271c1f5fa3e3c4fca1b6881196e65a540c29e1867815d85fe,0xC6865E1C0d1419934ad447A716948d32d117773e,0x28C6c06298d514Db089934071355E5743bf21d60,268604842062798000,1682640023
17140930,0x7df1fc3cf5663f7573d50c60b62966fff7c1bc78da5754e36d44b2cf74475716,0xb9884dd88e62e156bb90a3E0d4F7D52093e32Bd5,0x28C6c06298d514Db089934071355E5743bf21d60,317420448947290533,1682640023
17140930,0xff2889e64ce42ebbad13492852c7539e4a5bb3bb1e081735ffc297fa8c27f57c,0xA79c2Ff668E705c67AdDEddF31bBAe68649bBf14,0x28C6c06298d514Db089934071355E5743bf21d60,374920875364833000,1682640023
17140930,0x2b2f7244c082f2682f97cbcdf5734a2b9e97a42a5dd6fd7bb1f232739660fa1e,0xb90EC42160A5dA94Aa8068291428336A7Fc6a748,0x28C6c06298d514Db089934071355E5743bf21d60,1205446414165423426,1682640023
17140930,0x2ce075ab858c91cf2a4fbe52cd130ec3839df53c4916d60788b0eb2ec21d1af3,0x0989E5C8AB9F36C9a4b3c49c24E34c59C7595dB9,0x28C6c06298d514Db089934071355E5743bf21d60,539310123653820000,1682640023
17140930,0x49589eb9820df4ea64f5ca26feb8b16278f614b290b8e945eebd4cd836f862d6,0xB3C7E6ebFF0315B81734d9356A2A51af202C2C2D,0x28C6c06298d514Db089934071355E5743bf21d60,269378570517648000,1682640023
17140930,0xa8ad75f1c95aaa2b88d5c8e356409c905ad0410a73b6860546c67c6e8a5131e5,0xff20ffD8A15AF802F464b2289B1316aCDD0605CE,0x28C6c06298d514Db089934071355E5743bf21d60,799018792876271000,1682640023
17140930,0x74c4eae8755bff97a57bd03b22ea336cceed46cfa8f6b1f0531d3d54c17e3520,0xB9a18F344cC77758503f2E561009F8Ef35A842d5,0x28C6c06298d514Db089934071355E5743bf21d60,363882000000000000,1682640023
17140930,0x1eea5ebc2eba7312714d55c767cc26ea6e8cecc64bfed62a8d39d059db588349,0x138B2ABf8BC48ef3D16aD7391Eb067fe5bCcC095,0x28C6c06298d514Db089934071355E5743bf21d60,373306140335209000,1682640023
17140930,0x89689c7b7ca6abfbd726e9be9065409ee67d47d6a94a61cb3ced6d29b601b256,0x2cc9ABd697348D09B3D60C710615c3B00B183883,0x28C6c06298d514Db089934071355E5743bf21d60,10519083154384538000,1682640023
17140930,0x89eadf1072a4448446b28b524ff9733eb27b377559d7bad3903f4a110278d7cc,0x0cD0c0584Cc60Ff0eEA9037bC5a20B10BCC80677,0x28C6c06298d514Db089934071355E5743bf21d60,319385263363829000,1682640023
17140930,0x1873791d6ab83481b8067a38e8da0dbff8c04ad389c6295bdd7a92a4568dc792,0x3b74B91360d7c1B59DC157dCfe01aBae72557df2,0x28C6c06298d514Db089934071355E5743bf21d60,340576275958248867,1682640023
17140930,0x9487b9eab46c876aa0fc6d442d3c9cf4dc7546fe614721034e7b65e80dd8b2b6,0xE56EAe8911272251cCc9d2320DA891baeDC9CDF4,0x28C6c06298d514Db089934071355E5743bf21d60,5005357807727887000,1682640023
17140930,0x0bebd045bb97311f567ea758960e83e9a618e035b46200eb187ede0fcbdf3564,0x0642e1f3B61e6E3b334753DaDc4a6C0e90Fe4fAF,0x28C6c06298d514Db089934071355E5743bf21d60,522706310719742000,1682640023
17140930,0x8b95abbfc921dd97a9fee08edcc2ad1755d7e5e7feeb6d89718dc5585a172a51,0x8770942b2b1FEB4CF71aed248a132347D7F21341,0x28C6c06298d514Db089934071355E5743bf21d60,399098453823511000,1682640023
17140930,0x7eb0c51b1ee20e8d1845c44de4fd9e876867d19498e8f46cc014ada413ea33d3,0x5774A8565Bc2f27cB1166067c31C75ceEccDdEa6,0x28C6c06298d514Db089934071355E5743bf21d60,1370068967747084839,1682640023
17140930,0x95992965eecb81c0068d1aa51c52db44e6ecf159b3f7bee92a9ee7291323c261,0xe3aF46830228d374594571D6bFC22E72FB8537C5,0x28C6c06298d514Db089934071355E5743bf21d60,348578771316965000,1682640023
17140930,0x92fdd8486be8417cb8894e7380d43e8099b77aebc1a02ccddbb309dadaa6eb88,0xaDf2b791d09b6045A5A02680b84812D31A24d803,0x28C6c06298d514Db089934071355E5743bf21d60,1198993965409131000,1682640023
17140930,0x302db94e97ddf827854f51b214d02372c4a6b56289a6410c85b87a81340e9acb,0x6101f50f37Fc7e6c7724338A1201483cce27C69D,0x28C6c06298d514Db089934071355E5743bf21d60,1393954602058620441,1682640023
17140930,0xa5c767532927dcb4aaf5bb5c5918092f7cd3220cb0ed0409b2b84d2bd0cefbe0,0x6Bc5a8D0684B788E426111F9ABF12d59c89682A7,0x28C6c06298d514Db089934071355E5743bf21d60,1927462398323910000,1682640023
17140930,0xab28885f6ca348a49659262d38499fa4db0d18a724d4ba7c3cfa522542c3b7f6,0x907F8fCEd67E51b0ae6B74A9dd810873aA800055,0x28C6c06298d514Db089934071355E5743bf21d60,578488721646426256,1682640023
17140930,0xe94475ef95743d52bfb800b8b1e3e0ef44b506ec1f26dce534fe216d0098be80,0x1bA9275f8ACEc02Af27d5f285d9EC0de084D9Ac0,0x28C6c06298d514Db089934071355E5743bf21d60,1046557893034592000,1682640023
17140930,0x2275a82b1e407fb43105aef65295913c93b4b6f7b57c039aec0b5e067127ee6b,0xF4965bbE4Fafa3Ce0741a7913FCe239CeF7c958A,0x28C6c06298d514Db089934071355E5743bf21d60,1223120440219952008,1682640023
17140930,0xfc0b9c73ea6c194569a6701ac0863c6d0126ca19dd9e21bda374b5c789fc9ea7,0x39eCA115d010Ca61cd3460e30bFB2313b9BECB56,0x28C6c06298d514Db089934071355E5743bf21d60,865880367700642000,1682640023
17140930,0xe68fa4a555e2907457448768a34ce4f7a1ce2b0ed92aadc3048d8676ac345751,0x9430801EBAf509Ad49202aaBC5F5Bc6fd8A3dAf8,0x9eae9C6f4191cB57000aEadbAc7A0b5c8Efb98AE,15000000000000000,1682640023
17140930,0xed23182104a6572c69e9587cf3e1a0690df558eed594408485d006e7d865b3ce,0xf89d7b9c864f589bbF53a82105107622B35EaA40,0xb5f934361eCDCef7ef381433Ec2697c4DB3f2B22,50829650000000000,1682640023
17140930,0xa81ae8fe78bb64fdfed3e37f32605e6011c168cf482393ce85234f5b27783227,0x56Eddb7aa87536c09CCc2793473599fD21A8b17F,0xaCa2Ba150bD289b163C423b9EcD5Ea4ECe7Bd27E,5486913190000000000,1682640023
17140930,0x7c62b6e3c994212e009e72a81c0d4d1736564f3082fb116ef4b5bc320f0170f6,0x0fe04D158ca4778BA886A08E086F4c820fc6bcF5,0x28C6c06298d514Db089934071355E5743bf21d60,227782014268906000,1682640023
17140930,0xba98ac49250ed63438b6b9f219a6c1c373bc35f9dffc05c3ad61e07d8bd96fef,0x91e82E89f69373E8CFCE21Ff7da7466773D513F0,0x28C6c06298d514Db089934071355E5743bf21d60,195341680000000000,1682640023
17140930,0x7ae6560288a96aa7cd6e3d819673e58348e0bf7147934918b377b73a6d8d7fbc,0xd69a0F89e6e47d80EDE73396B210218d9DF8Aa2A,0x28C6c06298d514Db089934071355E5743bf21d60,110745382584229800,1682640023
17140930,0xe67f89b658581519dcb12397cc9ef5408c2f5867cd8598a6d0074caa6b8255ba,0x11Ec29256FFf5fBc24cbc51487591743BADa3165,0x28C6c06298d514Db089934071355E5743bf21d60,219521266046314000,1682640023
17140930,0xf7e600a8ea3a351f9f0cb2928dd909b6e90c2ff8521e12234e318cf4de02de27,0x1ce61819ECf022dF2478d6b1B8BF0fbA9f20D16D,0x28C6c06298d514Db089934071355E5743bf21d60,219466703546000767,1682640023
17140930,0x452cf731640ff3e4fa1952c82671ad42c0a8ba7373e5f34ec509221d68e2787a,0xC6520E3A61aDb1f76a46190168cCC2B2e04e43d4,0x28C6c06298d514Db089934071355E5743bf21d60,90609496199799610,1682640023
17140930,0x10a9034e356b4245b5f7e3f633a81e6eef439b15072d74e3a59427137627a4ed,0xbAE6fB58b852928C29050Aa19D4e90FdaCC9f433,0x28C6c06298d514Db089934071355E5743bf21d60,206797600000000000,1682640023
17140930,0x92f0c3fab794e46eb3194711aa8ce984c8a329653e063605ad122c7be75a66cc,0x050096c112DF9666d508c721129Ecd60bAA1bF25,0x28C6c06298d514Db089934071355E5743bf21d60,190479951191190000,1682640023
17140930,0xf14f8ee26a7aca72097a179667eb99c635705768a45a8f05df7715b1119fb16a,0xDD4DC92Eb9da3C9D76EA8e3571F43B1834F78428,0x28C6c06298d514Db089934071355E5743bf21d60,99243354224779000,1682640023
17140930,0x1a2b472b0465a4632319666bc93f5baa6a9baeb47cadaefa73feda7b39c1e41b,0xB9B4B4b3632E3Aa6EA4fCfa272b6a005B7865bda,0x28C6c06298d514Db089934071355E5743bf21d60,135000000000000000,1682640023
17140930,0xe92bb6b64ecf0e2b68e2c99df332e9924d533931935aa43fbc6dca5a16fc371d,0x690a9b4907AD890aE6c586B1b3fEf6485A55Ff6F,0x28C6c06298d514Db089934071355E5743bf21d60,181555675096045000,1682640023
17140930,0x6249a407b255706d1e149b55cc50646e04c22505daa75657a9fafb67f4d9520c,0x6b4ef5ec13600cA2fFA7aE1c35aC1666fAeFf164,0x28C6c06298d514Db089934071355E5743bf21d60,143800000000000000,1682640023
17140930,0xaaa99f6c3edb9c1bcb42d391814cfd3635b4c42c4f4404e56002c536403a202e,0x635741f61f9129ED61d6281951C7e464cbDE9d69,0x28C6c06298d514Db089934071355E5743bf21d60,88136004405145166,1682640023
17140930,0xb517ee47bd4d3d1ce5931a0a252340586e5f4cccbb75cc84bf7717ca9b5fa7e4,0x687E3A7bb4C4087ff740656AdfC2F368567FD554,0x28C6c06298d514Db089934071355E5743bf21d60,76928909858675925,1682640023
17140930,0xc9f79327daf69828c6e415fd01a7267d152ff257d1462b4fe59deb693e8fe075,0xB96de1339D00Cd366D23877883C2ddCbA6286DbB,0x28C6c06298d514Db089934071355E5743bf21d60,153571046390443000,1682640023
17140930,0x3e7e681cf4208accdee6b7b9484e4b8ab0ff73bbeebb689cfecf2b37affaa0f0,0x76da3FE49F6B6B3236fC89EF657a9ed2E1e52add,0x28C6c06298d514Db089934071355E5743bf21d60,159233578117703682,1682640023
17140930,0x720fd37ceab83f8352435ab5c0f5a038053f8adcc523dec17458eac7db915843,0xB5e6480d59F0Ed35571b3793f4469D5aBdE75CCc,0x28C6c06298d514Db089934071355E5743bf21d60,74427463848038000,1682640023
17140930,0x5130c499310d648b9c96321aae51758d5bb931874383da54b438cedebc0aee23,0x60bbF71CAeBF2E7366CecC81251Dc92fE84F3393,0x28C6c06298d514Db089934071355E5743bf21d60,88242529667990000,1682640023
17140930,0x15f0daab49c5ad9978a3c413a065e74d9cd1dcf24d5b66686801558a511f0c5f,0x77D766C7E3BB9d42768a91BA37e45f7ee05b32D7,0x28C6c06298d514Db089934071355E5743bf21d60,155443414687932000,1682640023
17140930,0xddcc560b6dbfc3e6fbeb04b71ea4d0f16f5d4ed44cb0f70552374d7a3bcda9a6,0xFCb850567578BCc1f3ac233A8F547feedA4B66d4,0x28C6c06298d514Db089934071355E5743bf21d60,105461362961320000,1682640023
17140930,0x7943acfba1d1cf9bedbf050eff9135db3f03990a8aaf036bd86823151be63f07,0x46155eB78f0788165e85B880641E95100dae2B86,0x28C6c06298d514Db089934071355E5743bf21d60,103743506260042336,1682640023
17140930,0xe49a86f8336cd25726a12b8d67ae64321969a05700323a4f629c9b1561024689,0x986AB6AB5F7a54fAf75C62ddA3Ed1e830f544CB0,0x28C6c06298d514Db089934071355E5743bf21d60,103654409234264800,1682640023
17140930,0xc9b0f7b9bda09406ac3af35fb65a399a6cf593178c63c097e364a8a3e46f771d,0xA3332A94BC2E92f8da9189Dea56C3Ed9db9568A2,0x28C6c06298d514Db089934071355E5743bf21d60,85993965409131000,1682640023
17140930,0x6d8a7df663c0c626673949359628f2dcbbe7cdb88d86c1249b208564d46176af,0x67B78007Ef8882FDd54B4cC4f251A2568F41c462,0x28C6c06298d514Db089934071355E5743bf21d60,75585041791760000,1682640023
17140930,0xbcb441c575e7d6afc2fd97ca531d72588731de495c7cca2d3c9a626a527a8532,0xb982909481cf93043fc6c592e7aE57AC69626461,0x28C6c06298d514Db089934071355E5743bf21d60,97830482584065000,1682640023
17140930,0x7fe7ebc2e519e4a181dcf7f6e6dcf40ae13063b50fcb30fbf36a748fc817777e,0x33274667F965522c5732e125273f70423029e627,0x28C6c06298d514Db089934071355E5743bf21d60,165461482196395258,1682640023
17140930,0x9fb65b1811127dd0f105ca0583c0cf29fba321d861d091f4fb7f1437247a6e7b,0x4994025eAB812a105F91CdDfa3EaA2E6f441FfDb,0x28C6c06298d514Db089934071355E5743bf21d60,95227419948842000,1682640023
17140930,0x1eec12d425498b864a2290ba95e806f9e396105d669251d36f2aba7e9d98a755,0xB8A73a9E8fC8A926Dd5F41E14DE28287cBD1b7Ab,0x28C6c06298d514Db089934071355E5743bf21d60,77873450000000000,1682640023
17140930,0xd4336e14392db88a42aaef19e699b5cabf7981a6d21648415b7ccfda4f1d87d6,0xb743dA0EA30C1E1E4ef01476291701f28350e9C6,0x28C6c06298d514Db089934071355E5743bf21d60,85957020000000000,1682640023
17140930,0x1669c4aa2771625d24805e905dbc6941b88f6fd51f9ebb604aa652b1e4796fc3,0xb96F46D473b99F89A07dEC17f73F7Bd9CfFA7486,0x28C6c06298d514Db089934071355E5743bf21d60,92000000000000000,1682640023
17140930,0xb4329265189551c092448eb08af4d8816c90e4e21cd81ad8034ac2bcffee5d8f,0x3FDE5a3769d1A5c85BCfDeCe27d50Cb70617ef57,0x28C6c06298d514Db089934071355E5743bf21d60,70263656368155929,1682640023
17140930,0x8369cec00c70681e376f883ea0b7710253da9aba91bd5500ab292ff23d1688b5,0xB3cEf10359A6a927e2fF3aCb85f5CF7bf8CCab1a,0x28C6c06298d514Db089934071355E5743bf21d60,86979795763157631,1682640023
17140930,0x4a403abcca9e18f4dad17bef7db886218670eb6038597549d37b27051be147ca,0x014b175Ad5324Ee8c1b145F86b53Ba0a0B14694A,0x28C6c06298d514Db089934071355E5743bf21d60,85000000000000000,1682640023
17140930,0x977ea74e8a9557e1b521bf9c7b7e22f90e10ac9623a682e0016b00450c63cfcf,0xB8f7D9628249A3c71d1803B212b2C932dd64d027,0x28C6c06298d514Db089934071355E5743bf21d60,74319841654433149,1682640023
17140930,0xf415ca391ed75a974cf0f842eabe401120684a3b7c4b35c03b76f6aacf4b4411,0xdc90a716C30A30c41aAC67E97c42E4EBdF0e023f,0x28C6c06298d514Db089934071355E5743bf21d60,137405528127382881,1682640023
17140930,0x78d1662ef1371f4a9bb95327ee9988f5e9a1af0a51222f2a012d88a9eae67d4c,0xB33754810b6A1aE01Eb574B1A07730bc85D95cBB,0x28C6c06298d514Db089934071355E5743bf21d60,79262388510959000,1682640023
17140930,0x96094816942f91a734735e22c091dd56b0fbd386fa39f5b5078f63c4dc399285,0x87c04F1943f268B226779bCe77971FA818d947d1,0x28C6c06298d514Db089934071355E5743bf21d60,68710000000000000,1682640023
17140930,0xa4b76328599f28ff9ca01a2d0639efe89ecead5ba1e71a6cfed9c7f31ad93415,0xcD86BCCD0E63C6b518b1A90234A17e80eFFaaEEf,0x28C6c06298d514Db089934071355E5743bf21d60,81096490376205281,1682640023
17140930,0xed36a12cd736d4b4b60429ee3f21426ae9bb6693958216dfc844cfe63fc05dd3,0x0F6a93b95E99B46434BfaB8e56513fc063733a00,0x28C6c06298d514Db089934071355E5743bf21d60,69259347650748928,1682640023
17140930,0xeba0df4273ccf92c6c419ab18be3306a8ec0073d14a04bc882ad01e908b0ec3b,0x4972E5fF24C6Fb024C3586C26fFD5cEa519daB21,0x28C6c06298d514Db089934071355E5743bf21d60,99280675096045000,1682640023
17140930,0xd4d7605b4a7c17592b87eadc4c092488158cb0a82559c00a99c8c03db0082768,0x71F36026Da5d969d3d59126E7Be5356662b717E3,0x28C6c06298d514Db089934071355E5743bf21d60,73601447328602128,1682640023
17140930,0x97a134152ebc80ce1eb3256138c40afed6ecf09a0799686dc8271581a9832f76,0x8e871f5d04839cdAa29028cfA9CF47F690d07D2b,0x28C6c06298d514Db089934071355E5743bf21d60,95534074246086150,1682640023
17140930,0x11b0acadc63720a106ea80130f13664925e77275c74463b98ca5ac2fa6c766bf,0xEfDBa3a4B856A9B4CDE0eeE8c4F03077f149e59C,0x28C6c06298d514Db089934071355E5743bf21d60,67186044804714163,1682640023
17140930,0xa080323cf7cd850acf35f9ecbed923846b670e4c7c76cae66cba5628cf7735fe,0x5cA3Ce25690830109b49CC6B19631Cb7e8324D87,0x28C6c06298d514Db089934071355E5743bf21d60,99270456059539000,1682640023
17140930,0xff29477dbada418a97e30171b758cf009cc80e0ce03b2bf4ac9141cc8cf23a33,0x32263dDf21C4deb9988C6980aC3128adE114AbaE,0xf60c2Ea62EDBfE808163751DD0d8693DCb30019c,699011685339871000,1682640023
17140930,0xc5a161f840366534200aeef0f3bfd0764f84ec503c1b330c0edb0e0815736d24,0x6f23eEEf975418440eA92d3798efD865AC4DA8c5,0x28C6c06298d514Db089934071355E5743bf21d60,71247544670291039,1682640023
17140930,0xa77a2d7c91e27c5bb8abe3830210701142506d45e4ca8837a00e44d07cda538f,0x9a4859d158269256dc9f0D44b75Cb770bedED754,0x28C6c06298d514Db089934071355E5743bf21d60,65604430600757000,1682640023
17140930,0xa8fb3ec34033e648cbb7af50c2f07ca89e435b1a951455de9dbd2364998e51d4,0x28E6B10fbE0Afb8048F2d529e872d6972881f05C,0x28C6c06298d514Db089934071355E5743bf21d60,65635537473423922,1682640023
17140930,0x009bd67baac24154fa92112053d771a551ed037815627f05ef6a3341f36c89a4,0x9430801EBAf509Ad49202aaBC5F5Bc6fd8A3dAf8,0xb8FaEAfcf96Ac30b8c160A4FE1ea67Fa3ceB8b77,15000000000000000,1682640023
17140930,0x2768d1dc72eb91c1507114aa9275c3a8b12db68ca0c04b76fdb4beb4986f1a52,0x9430801EBAf509Ad49202aaBC5F5Bc6fd8A3dAf8,0xB91a5FC8F8650760Eac91A94657012AC7afB6Fee,15000000000000000,1682640023
17140930,0x18301b42e3d5583a49e81f35dca9b96f21708960d7962d9a56b8e4bdc994a2df,0x32Cc5B2ce3D19B85838cC88BCdEC3403D5EeDc19,0xc61d923A863833cB8a1A83FDb8241F8eA2e5fb3c,275000000000000000,1682640023
17140930,0xe8fd5d06c90c9529fadb63732254eac182dfd45237ec247fb41aa600b7126dc9,0x908ffB52c701702184EcE212378dBDa710608Cd9,0x3af755E08D3d6867b64a6340F01A34A91A0849A6,5240486532174458,1682640023
17140930,0xdc0f088a2a1ae1f8479227154d5e6b5bea1cc9b677be9599ef51dccf66431d2a,0x9430801EBAf509Ad49202aaBC5F5Bc6fd8A3dAf8,0x8b89073798081f2b27A370629d4016630064D536,15000000000000000,1682640023
17140930,0xdd6dee84d9d8c5939ecb0964b01eb026bb9127189328bf7ba5a281e00b53bf96,0xbcE034cC96aDC29d1806af1437f3F72542340435,0xEf1c6E67703c7BD7107eed8303Fbe6EC2554BF6B,850000000000000000,1682640023
17140930,0x6c4460859ee627d3b03f2a3cf5b176f4c40916926c5d607bb8af59f2d7882a0c,0x9430801EBAf509Ad49202aaBC5F5Bc6fd8A3dAf8,0xB939B201192a4EAD70bc36DdCac942d071904C4F,15000000000000000,1682640023
17140930,0xa80885be4ff973dde27d85ddabe22dc49f654292d59f6e56d214e49eb7a2d444,0x9430801EBAf509Ad49202aaBC5F5Bc6fd8A3dAf8,0xB96d9962C00a87741179689742d48572c0c3F718,15000000000000000,1682640023
17140930,0xa6303bc3b317fc81366b5d4c317a95a6c92a5c18bf5a168e8b002de7feb08189,0x28C6c06298d514Db089934071355E5743bf21d60,0xCbe2862a650B374e63e0eC7A28cFa43410703207,118165300000000000,1682640023
17140930,0x496fb651c8d211d7270f617fcceb4f142d82033350e952a2179298fbc84bb00a,0x9430801EBAf509Ad49202aaBC5F5Bc6fd8A3dAf8,0xa8D0aE84ACacDc424030732102325f3412e3A9D1,15000000000000000,1682640023
17140930,0xc2ba9183d87d66768f2d4cc179b8ae56028bab2aa753c42b59304e0d301dd69a,0xDFd5293D8e347dFe59E90eFd55b2956a1343963d,0xaB76F1b7f38fb5da9550a543C0384a38B21393AC,18180000000000000,1682640023
17140930,0x76c3ccaddce3232692c531403495a8e8f00fb09d35eb47842cdcdf292f447e91,0x22a2b9669bef344ED678b86690d915531186Fc00,0x7a250d5630B4cF539739dF2C5dAcb4c659F2488D,30035669741547184,1682640023
17140930,0x452d4c321286b19e11a1f15c45c6534118abb3e0989f214fe269fd3d7c48a444,0x9430801EBAf509Ad49202aaBC5F5Bc6fd8A3dAf8,0x61aB3d3637f27573bc5409f219cba6841e7bD18c,15000000000000000,1682640023
17140930,0x37e58c1e7a4a1a3320251df904ee70a3b15a2f24f23c4ee58001348b95a862b6,0xA5b17eF8bFbB9A1E9C55A5C21C52F50a9d9fEe6a,0xeA02102e9357177Be87A518543A3E7b48671109a,130000000000000000,1682640023
17140930,0xb8e5a483d19a59476cae2e147334993e92bd444add44d7f8cb1ce29bbae2f086,0x9430801EBAf509Ad49202aaBC5F5Bc6fd8A3dAf8,0xB95271F168fbCa4Aa5438767e566132896BDE4Ff,15000000000000000,1682640023
17140930,0x2a0fcf8195873bf4d3e3fefab2845cb9cbbe73c6748b0691d52c3b72fd9a45cc,0x593209477e7c332E53f5116Da1025a0AFa6d07f4,0x17a29901067135Bd7fd0a6bA8fC5e875922232f7,198092800000000000,1682640023
17140930,0xce1e12a6baa24a03a3bfb33d8a9fe286232dc6f5a432cef90d4194c07213b1b3,0xA4e5961B58DBE487639929643dCB1Dc3848dAF5E,0x4b226648b316978832Ce619D0728b4237cae7b23,5473670000000000,1682640023
17140930,0x0b407c984353e6b528d5fd8086f80373640d35d1e85001220dd05353ebd494c4,0x7084904C9429BAD118536C15840DD8fae292F407,0x7371F0a8797227EEf1278279D31E4F84DB17493a,176382399574835867,1682640023
17140930,0x2764827478e985e8f6a18557aa8100c27c3dc3eac64e94ee14435cc8d2c447a0,0xc86c1625D33Da8CE426bA4E66946B5F02493DD2f,0xCac0F1A06D3f02397Cfb6D7077321d73b504916e,10000000000000000,1682640023
17140930,0x81ea735be627d57f077c46031c6facd1c17f2e60207b713831a9b6e3a5d28a2d,0xd5FBDa4C79F38920159fE5f22DF9655FDe292d47,0x5b3C38cdDB01b238F12bc770086A470f6e19de75,272538324572824900,1682640023
17140930,0x0a53ff48ec9a6457949b46b73d7ef58ebbc32613cb3f2d1302cb240e72f7097f,0x28Ae46e846c8E27c17aE92a4Cd8A3A5aa1172F1E,0xEf1c6E67703c7BD7107eed8303Fbe6EC2554BF6B,35000000000000000,1682640023
17140930,0x05d39b66459f701c283c58659d0c38325d9d7798c094e1b5f46343af9f567161,0x9a43fDeE8BE710EA7Bfbfac757FeB7F3b64a4Fe1,0x28C6c06298d514Db089934071355E5743bf21d60,96171756456657611,1682640023
17140930,0x3de57fd9ce66b7392996816949e46c9fe53dd2fada4f1ef674aa6a8cde86927a,0x9406A03Cc9711149916864a16251928cEc5d069B,0x28C6c06298d514Db089934071355E5743bf21d60,4106945316229892683,1682640023
17140930,0x955df968c19a4ada7274861eff4411afa463b126565f20c78410f2d0b547ecda,0x3A59886bA78aC4A175b0236346e5bfaB07963E48,0x28C6c06298d514Db089934071355E5743bf21d60,5097023288698228905,1682640023
17140930,0x2658cdf5be809d8c5dc2256d9f13adae54c50c8b4f4c6415c8d8ed061bbbc9fe,0x22E5cd16bCc02171BaFd99030FE2463eB58b700a,0x28C6c06298d514Db089934071355E5743bf21d60,1058700648105796000,1682640023
17140930,0x6de7f828ca1365dc68840d8763baa076ba210f00c777db66e01fded36ed6a05e,0x6EF291b91FB18b12D3016a1d2a813b1017C5ae47,0x28C6c06298d514Db089934071355E5743bf21d60,78332855948063673000,1682640023
17140930,0xe5444b9a6bcce9bcc1125eb2712e7f9ecd89e3bb3c162d255bba943aefb8cd93,0x3160A1e567de8eb408e9C4828c5c7AbA8DFC4674,0x28C6c06298d514Db089934071355E5743bf21d60,644172030397561000,1682640023
17140930,0x306fc943801f2d0369f2be9950f7a38f9cf1a646ca0563d8911e307d7c117b8e,0x3D40a04Af6d565be3B5B9E6EE6A658734d95413c,0x28C6c06298d514Db089934071355E5743bf21d60,699249830229874000,1682640023
17140930,0xfacb318cda4a7bc3fc883b116ea307200a93ff98bb79f13c56464bf44f452bdc,0x00D677884a430DF4B0d0Ab33b38FAa0E194cd25c,0x28C6c06298d514Db089934071355E5743bf21d60,826044202149507871,1682640023
17140930,0x86c593017ec9200ca9d78b930a9c967c518212cf6f1be1592e4a89e1bacf1004,0x3406e831FB227BfE5bFeFB06a2E9bd7FfE053535,0x28C6c06298d514Db089934071355E5743bf21d60,202985186456024470,1682640023
17140930,0x82133ed8984f657d901698b1e185e7f55725a62b462ae386cc865e8c88248dc3,0x80c335b2d992F865724536DF08a490F6c09Da776,0x28C6c06298d514Db089934071355E5743bf21d60,524274530694264000,1682640023
17140930,0x54c867086f027c208938963083702e988340b758138619fabdaead12c7929af7,0x7477910b01424c0127e249B416420242e5792fC3,0x28C6c06298d514Db089934071355E5743bf21d60,9998747411269587792,1682640023
17140930,0x4f02f6f9d2baedfaec129e5998adad253202c7f4f7d7de0337d72d49dddce106,0xb4123BA804ed4788Ba9eF576cec52F38a58153f0,0x28C6c06298d514Db089934071355E5743bf21d60,211853242563324286,1682640023
17140930,0xd7dd926152aef2398b10acba65c12b669f39b23e3d7c85fc7cf4af2f1f7f8476,0x4D9fF50EF4dA947364BB9650892B2554e7BE5E2B,0x0b95993A39A363d99280Ac950f5E4536Ab5C5566,15000000000000000,1682640023
17140930,0xf6a676fba279ebd73b65c6953a294c2be70ed1c41aaf8ac048a0a68956f8df2a,0x5e60380bc2b9aC97237a680C73a0e9625fc54A87,0x7a250d5630B4cF539739dF2C5dAcb4c659F2488D,500000000000000000,1682640023
17140930,0x0362c1101b0b32bbd146680b88661caca853c3e9c061ec0b171c26c28a5bb79a,0x6F8A349Dc32C1699b3854015a46D9b8757B5e573,0x5653Bbb15dD5075ef9F0DF9860cB54aBFAc48642,6664116608366000,1682640023
17140930,0x3a7d0b61980ae53d9fb8a337f9d009dc6f9ba03f435a287d7f75c34fdc5dc6e1,0xF28c150b9c35C30EB4771D04cBe93103Ba6dfF0a,0x5653Bbb15dD5075ef9F0DF9860cB54aBFAc48642,176082459903000,1682640023
17140930,0x180bac989c9cdd0a5185d3a3c5de54271fab85c89c9768d3fd7ba26695103e0f,0x14c4017f81675F7aC1321218d4a385a2D3117328,0x3126045B2a9d597f689e33396e334B0c59C4CD0E,7419910600000000000,1682640023
17140930,0x60bdd58e802ced861ca0ab121cbde4cc0abbad25268b4ff5c786a16f910bf899,0x503828976D22510aad0201ac7EC88293211D23Da,0xFF15E52c0d206BF18bB9f1AB721594D0F7E7edE9,4186709910000000000,1682640023
17140930,0x69dc6dc44a18e0e6c3502f07703e163c314382fba2a3bb4c120040831f097d40,0xeB2629a2734e272Bcc07BDA959863f316F4bD4Cf,0xCe90844e1C6cE2Cad8D8eB324235dc6A09CE3A93,4999139010000000000,1682640023
17140930,0x14bb3822f668819d1a23dac918226c93b5ba12ed19e862bc35ffa79c0a363256,0x77696bb39917C91A0c3908D577d5e322095425cA,0x01fC12E28294D9847EA953872C344B27f88B8221,20000000000000000000,1682640023
17140930,0x2204cd98e90d858ee8907bd1b7d9b6a541bad1c155a1610e9a96ced33621ae43,0x77696bb39917C91A0c3908D577d5e322095425cA,0xEC5b35Cbe4890eDc8D2Eff22B42F4986eCA8a52b,2619280000000000,1682640023
17140930,0x78019dc894abc6bf000444f2c1639a367b5c7dbf982e3a2304b72478890c0ef9,0xb739D0895772DBB71A89A3754A160269068f0D45,0xFf2907bE4a56B876078CE211DF138b704B1b7253,2900000000000000000,1682640023
17140930,0xbb499fc57d3edcd361bad97052480bbe801d491eba2584e46d80a119a697d942,0x3cD751E6b0078Be393132286c442345e5DC49699,0x9bFe5341Ad4EB164139621D2A630e640520FBd68,2619280000000000,1682640023
17140930,0xf8b53496e6cca8c122206d1539faeb5dfecfe3be6e9bd0553f87bcaa1d24e27c,0xb5d85CBf7cB3EE0D56b3bB207D5Fc4B82f43F511,0x151C6CB8A6Ed081495f0753B0DdD1FD496FaEa11,1873035500000000,1682640023
17140930,0xd604161f8a7d16bd5bff1201ce9bf6670b048af3f06803cae09b90a5a4c12da0,0xb739D0895772DBB71A89A3754A160269068f0D45,0x5AbFc8fE4031281252C386d65e2a0ECA6E326297,272196220000000000,1682640023
17140930,0x449288c6a12a8015c68f857579beb409c3580bbca68282c912cc784378aec5d7,0x3d6fAf56138242c0C22858944F7d1Ff5a85Fc86a,0x5653Bbb15dD5075ef9F0DF9860cB54aBFAc48642,949116608366000,1682640023
17140930,0x7d9522832996306a5c0c6333f7dfe51f976da8994d88f2f06864fd55ad82e351,0x95A9bd206aE52C4BA8EecFc93d18EACDd41C88CC,0x04A3F0C196EF6D2b76811f3df18D73d426ED59E6,48897020000000000,1682640023
17140930,0x3847aeaa6f1b69ad5642f7295b63caab8b04512ec31e8e687b5522e280d71b64,0xb5d85CBf7cB3EE0D56b3bB207D5Fc4B82f43F511,0x8bc091037884503FA9409Cfef35a99332903fc8D,261860310000000000,1682640023
17140930,0x06b956c5f0e1b3f87a71fd909a1999f049953d7beecd44f16afd9fe13b4b2346,0x71660c4005BA85c37ccec55d0C4493E66Fe775d3,0x815af59c404fF1a2Cc6B776BF3e44DEE95B9B702,13026230000000000,1682640023
17140930,0xc1b6df21ec405546b3f5f7d39f24a400833ec6af8875f1ebc5f2956cfc722e3b,0xddfAbCdc4D8FfC6d5beaf154f18B778f892A0740,0xb68A8948A94Ac72a46fF20cc34D5BCD6CA1C0785,12774970000000000,1682640023
17140930,0xb27b0e374082e608fe30bfe044f875595a63fe6e4ded4e2b903a0bd24ed28fb8,0xeB2629a2734e272Bcc07BDA959863f316F4bD4Cf,0xBC758F9518D92f9676c3e50EA4f3F97602029683,2291779500000000,1682640023
17140930,0xa6bfec21de0836e82192546d9f472926a2d900a9bb6fe56f640ce519cc8935c8,0xddfAbCdc4D8FfC6d5beaf154f18B778f892A0740,0x78836CAaa468841a9047494d43cF1F68EE512907,36111700000000000,1682640023
17140930,0x70831cd378ce384675f0804c387d4caaa250a1d9ceaf08594973c1e16fdc1395,0x95A9bd206aE52C4BA8EecFc93d18EACDd41C88CC,0x1C22368c67D1e9Dcd6141e74bBbE13E9f80d6DA6,28888280000000000,1682640023
17140930,0xeb285b644ab2afc39d0a742f325e5212c585a44f6fa41e41ada16dd160186586,0x503828976D22510aad0201ac7EC88293211D23Da,0x325AB70Ab1D7113F00Ffb1Feae1bd61e727D94cD,5206350000000000,1682640023
17140930,0xd995b37477fce0bbcdfcafe56e4361c4493b3599922a5c3f6a86c36a96b2ad6c,0x7590216a34A27e9e4c0754bD63EdAedD9c560A50,0xAfc53dB8506736e8264b4629E971a152Ec3FF7D4,54133910000000000,1682640023
17140930,0xa12e576adba5dcc1f4c3bba062ad6631b81737443cae5a8c0c40fb5fe83aa1aa,0x503828976D22510aad0201ac7EC88293211D23Da,0x34395bFe72458dAfD67DD3c056E23DB51f31a409,2278221000000000,1682640023
17140930,0x214bd17008f20ba3bc8c0cdd318a0d24cbf40eb10a8dd7e67f2b38f4dc22868c,0x7c195D981AbFdC3DDecd2ca0Fed0958430488e34,0x53932E5E3a73De80aA5DF4aa3D7C745b8482cCb0,13619410000000000,1682640023
17140930,0x81dc1fd2e43d402bf90d7b18e25a325e05705cb2ec025fc8fd4810b07964afcb,0xb5d85CBf7cB3EE0D56b3bB207D5Fc4B82f43F511,0x8Cb605646bFbC8144387ef3f82096E0AC942486C,21018090000000000,1682640023
17140930,0x43d7b238335b8191e33281aaf4cfd3821318f7f674819c22e821758f9d548e27,0xbBCEEbaEeaE5263E8961a7f6182B752777bC4927,0x5653Bbb15dD5075ef9F0DF9860cB54aBFAc48642,213415381515000,1682640023
17140930,0x15073e9b48d94035b3b133bbab015fcef55308856670879a8ef4b026bae8a812,0xf0702fDaF30F9a574957AD56754831a2dacD2793,0x00000000009726632680FB29d3F7A9734E3010E2,5000000000000000,1682640023
17140930,0x3f9625a279ea427a07b7cb600dd5b7db35ebe27c6941e77229bf7a25103ac0f5,0xE4eDb277e41dc89aB076a1F049f4a3EfA700bCE8,0x97632841eDC1a8e73f7c67cD793D0FbD0AfaAB58,17930000000000014,1682640023
17140930,0xd233a0c700124cf7225ed251d6ea3ed235871f1117f1d9e6d8086915b4c217a7,0x57Bcd8750cCD29C018F24C8C9721d61D497F7e7d,0x3467f2F23F76dB5BD9055b68ce6919A798d29f51,194118000000000000,1682640023
17140930,0x36e9c0cd075e4f62d1066114866b324ef2548ca66fd4d178fb77084e9ff59712,0x77cFe03a02b3493eA6e31Fc8210e9a65cECcAcD8,0xA4e5961B58DBE487639929643dCB1Dc3848dAF5E,7572120000000000,1682640023
17140930,0xb2a50285906198d0f7fd9381ef411517df5ba5e4a7c24168ba33c7cf5ff84672,0xe2eDc7dD280aD5CD0e062Ec4339000d87fb5349c,0xbCC21F011f9f3cfB26C9ea3609ac02608391087d,2630000000000000,1682640023
17140930,0x234143c04018523ed59a9ad12958b49baa2e58127fa865a4557d07723d6ef710,0xa299c04Eb002e667BCb6c0d38A024Eb5022A5E1a,0xE99d7D19Dbea55f10DC4fA0a942A47F9C029333b,2227265719977270,1682640023
17140930,0xef1e86f85ce17c012c8f67e8276035855d2da2c78340e4c11466f2b02bb1b8d0,0x14c55D5D618b0eda0a41e41d054488b48fAB78b1,0x1111111254EEB25477B68fb85Ed929f73A960582,250000000000000000,1682640023
17140930,0xa571337894da5623f3771bcddf3aefbce8425eddde8c007a1e5185da1ba8f986,0x52b3D5991aCb00bC82872879de4A468a5B3a1Af8,0x28E6B10fbE0Afb8048F2d529e872d6972881f05C,110000000000000000,1682640023
17140930,0x3e1f6e7c79e5d2c05fcf980433374849ae0f6423d34f168b2690114de9c318dd,0x4098503De63CA5c0686c1cc952138F928b7b9aAb,0x1111111254EEB25477B68fb85Ed929f73A960582,200000000000000000,1682640023
17140930,0x43ce39db6a859a4beaf059b9ae7f0b94fcf64056533162b3c4be41474eff1123,0x295708e59400CccC556c9a5C8Ff981bc1C143cDe,0x1111111254EEB25477B68fb85Ed929f73A960582,25000000000000000,1682640023
17140930,0xc76e51363fcc70f8da510aa2e0edcfb05be51fd56e276d99b4bc22af7456120f,0xC0BCf44A4323f80e40daC5330D2D7cE55317F96d,0x7a250d5630B4cF539739dF2C5dAcb4c659F2488D,1277981886368480628,1682640023
17140930,0xc8b4af44dfbdddcaccb80ee3c1d015d5fcadd17f6d78687ffc37db31a5e8386a,0xc630B23073158fB77DE5F315d12A9e2602800Af9,0x51dDF92F75dea9e218CA63918b3ACD1Df2fdA88D,2800000000000000000,1682640023
17140930,0xf6660fa0022afa1e6b8c808e13f8185a57fc95bb56b976996d6bbdc4e1399877,0x7226919B4DD71C4157A35AEB56935b1CcC1bb604,0xEf1c6E67703c7BD7107eed8303Fbe6EC2554BF6B,100000000000000000,1682640023
17140930,0xee46465bce5366a16a365f2c9f4bb958e69ae22365b9deb2e92d2476815d7688,0x9C0C2D2c4Fa5aAFCf3de01ae12302242481663Ab,0x8967ba97f39334c9E6f8E34B8a3d7556306AF568,30000000000000000,1682640023
17140930,0xe18c8f45af09d1979b1755ca9b3c25bc38f3049391dcb436d3c528892f646a25,0x3c095aE5939bD0b25349613932E2FeF665d81a1D,0x995FA0A973f1Fae200BCA911292cB6df90036CBF,170000000000000000,1682640023
17140930,0x5e79c1ae7fa63484156ec6c64042490f81e22122998d91f3ce902126ebfb89fb,0x2eA32F87107e50A168ea0834bc92501226E1279F,0x11a2e73BADA26f184e3d508186085C72217Dc014,50000000000000000,1682640023
17140930,0x41189b7c4030ecb7ab44ef8ca9fc52ddf7953f020c9b72d8baf57bb99a7ef4db,0x707849697dfAa94089cdfCE0Eb9C7E1e376141c8,0xEf1c6E67703c7BD7107eed8303Fbe6EC2554BF6B,380000000000000000,1682640023
17140930,0x21bf28f0a41f072cd070e148cca11fca1f30b773a205145092215292d6dc26bf,0x0D072bea1aadf2902a591CF2BD1fA44B943382E0,0x1de48b836240f9Da486C48b76272A25b9D8e8E2D,1101770453739911750,1682640023
17140930,0xcac4121fa9211cd72c9074cf40ba1328b858caa9d2e6975688e243b7b0b43896,0x1AB4645971D7B87D9530d01F3273fAEbBe2EeD69,0xdb8C7D59198c68f28F78689406E1a36064Fa3EC3,573500000000000000,1682640023
17140930,0x5173a836f7662b170987a3649ab4328b393e5f19177dcf6eb3aa54a38ad27f69,0x02082Ce8535073bbDAC313d64dA968763bdf5263,0xDb381c060BEb9dAe03E071f49A969171774b8E89,6000000000000000,1682640023
17140930,0xcdf3267e8caee7f3b19bed2f03dfd95b488a623bcb8da64500903e461226de81,0x90EA417c88ECDC83C17B78210B60473194131764,0xEf1c6E67703c7BD7107eed8303Fbe6EC2554BF6B,10000000000000000,1682640023
17140930,0x24b55d37f7e4bb9756a80aec428c56fe60a9e8b4021ec9ea59d0b4b126fe9be6,0x3406b8dD96F80455685e43Bd071f4dDbF53FE5Cd,0x253553366Da8546fC250F225fe3d25d0C782303b,7855887261352211,1682640023
17140930,0xea995db11cbe48b4300ba48090f2bcc150a66d3912c4ea229ee2fb260f3acc8b,0x142668dC89E7E69ce985643aD3759fa8c518a884,0x39da41747a83aeE658334415666f3EF92DD0D541,800000000000000000,1682640023
17140930,0x0d436bc752f622d0b1f89d7c084d0195b5f8527f90f2f94443010a98fa76476d,0x7581c2AF80DB6aE48163Fba620d7426A5Ca6a545,0x3f6B6289e886b82E094D636dE9D7062118Ae7614,73310000000000000,1682640023
17140930,0x8a77764921e85c27f59df12fb01cc06573db329f6c8e42653521a3002755d227,0xfbE8529277c7dB9187fcE93a214BcFbAb6E8b1c8,0x0a94495c861B7Ec2898ea467dDC2e4FDb6C05f5D,5000000000000000,1682640023
17140930,0x49bcefb9465652d2f9c876c8c982e044c491bad9f670a985ac1935933ca1b23e,0x75C631Adb8D55098EcAb21c79F82eCB751b7a279,0xa46F8C16E516366D76865635A94AB23E306E80F4,3811796943171293,1682640023
17140930,0x5874882836c4d1095b00b9137564668853509c9921f153f667247e9aab3c0fbe,0x22a18f5d72c60ADDb85D4DC77A6DC78Eaa390101,0x9D90669665607F08005CAe4A7098143f554c59EF,777000000000000,1682640023
17140930,0x5c7c132b98607fe9f1401f33a9e8fa1cd744cc9ac4b152a451932d0a5c4fb9fa,0xcdD507C226f27401c27Ff6c4dE3d51369B0ffB0F,0xF9fb991ecf0bf30D0086E3871087e0312C2dFDCc,108824544027239000,1682640023
17140930,0x04c0e07984f2adc26e70660a0c538f19dab871b16f4fbbc55c50d5eb0f4caf41,0xa2a1FcBee02BAC86F6cEa131B3dc9e584B17bd36,0x79098b2429EB639363DdCa3fDdd54Bdc07e4274e,401568911664185453,1682640023
17140930,0x1208cb5ccb8952b8e6de3c8319b4579fc5f2eaecf0b887746a445b3865cae0e2,0xa60d6de2e78BDaeA26b4a3018C9D4FD0FDf1F6d5,0x074Fe944A7024816002954D7701F7d6058D7447F,2270338754952300,1682640023
17140930,0xa006b808a421a136a6256bc425a0f45aab5f557494079cd0f077a7a5c6fb8348,0xa372E32c36055E77dD08d1eBB8c19C7D23cc2061,0x4f285efC738408d40b0b4629459Bff69eE80CA17,22000000000000000,1682640023
17140930,0x0c92e1377a45bb98e3d3fe0f7f2632f1a90d8f297c972351122afc6741fe89e2,0xC38bB1439E4e43CB575aFd2F1AAD8A91eE00a996,0x888d31941130aD7dd8cE6F7F35383B2d76310124,14476744617698000,1682640023
17140930,0x7a79d81b7f3fcccbf2b3937930eacd2658eba0a2e46a35c6836193cdf568aec7,0x270F0eb069ed548b2B10e845CA094cd090bFf908,0xEf1c6E67703c7BD7107eed8303Fbe6EC2554BF6B,30000000000000000,1682640023
17140930,0x3e3e43e746a7a23c0547e987d2ea3c1875987422f4c0dc16116eb237a785c741,0xe88F86d6C8D6C6b0EEAab4bdda703ec928735CE2,0x4636FB53E4Fb26082D53dC66629771a42Ca58247,150000000000000000,1682640023
17140930,0x5995a40d473fbc131148e36a6f4443240d224de1f37855d5aa4212bea99e5142,0x1f9090aaE28b8a3dCeaDf281B0F12828e676c326,0x388C818CA8B9251b393131C08a736A67ccB19297,162581256947589343,1682640023
